Source,Reward
Genji Weapon Coffer (IL 345),Genji Shichishito
Genji Weapon Coffer (IL 345),Genji Shield
Genji Weapon Coffer (IL 345),Genji Greataxe
Genji Weapon Coffer (IL 345),Genji Nagamaki
Genji Weapon Coffer (IL 345),Genji Naginata
Genji Weapon Coffer (IL 345),Genji Chakrams
Genji Weapon Coffer (IL 345),Genji Katana
Genji Weapon Coffer (IL 345),Genji Phurpa
Genji Weapon Coffer (IL 345),Genji Greatbow
Genji Weapon Coffer (IL 345),Genji Arquebus
Genji Weapon Coffer (IL 345),Genji Rod
Genji Weapon Coffer (IL 345),Genji Grimoire
Genji Weapon Coffer (IL 345),Genji Rapier
Genji Weapon Coffer (IL 345),Genji Cane
Genji Weapon Coffer (IL 345),Genji Codex
Genji Weapon Coffer (IL 345),Genji Ephemeris
Genji Kabuto Coffer (IL 340),Genji Kabuto of Fending
Genji Kabuto Coffer (IL 340),Genji Kabuto of Maiming
Genji Kabuto Coffer (IL 340),Genji Kabuto of Striking
Genji Kabuto Coffer (IL 340),Genji Somen of Scouting
Genji Kabuto Coffer (IL 340),Genji Eboshi of Aiming
Genji Kabuto Coffer (IL 340),Genji Kabuto of Casting
Genji Kabuto Coffer (IL 340),Genji Eboshi of Healing
Genji Armor Coffer (IL 340),Genji Oyoroi of Fending
Genji Armor Coffer (IL 340),Genji Jin-baori of Maiming
Genji Armor Coffer (IL 340),Genji Domaru of Striking
Genji Armor Coffer (IL 340),Genji Jin-baori of Scouting
Genji Armor Coffer (IL 340),Genji Oyoroi of Aiming
Genji Armor Coffer (IL 340),Genji Domaru of Casting
Genji Armor Coffer (IL 340),Genji Domaru of Healing
Genji Kote Coffer (IL 340),Genji Kote of Fending
Genji Kote Coffer (IL 340),Genji Kote of Maiming
Genji Kote Coffer (IL 340),Genji Kote of Striking
Genji Kote Coffer (IL 340),Genji Kote of Scouting
Genji Kote Coffer (IL 340),Genji Kote of Aiming
Genji Kote Coffer (IL 340),Genji Kote of Casting
Genji Kote Coffer (IL 340),Genji Kote of Healing
Genji Tsutsu-hakama Coffer (IL 340),Genji Tsutsu-hakama of Fending
Genji Tsutsu-hakama Coffer (IL 340),Genji Tsutsu-hakama of Maiming
Genji Tsutsu-hakama Coffer (IL 340),Genji Tsutsu-hakama of Striking
Genji Tsutsu-hakama Coffer (IL 340),Genji Tsutsu-hakama of Scouting
Genji Tsutsu-hakama Coffer (IL 340),Genji Tsutsu-hakama of Aiming
Genji Tsutsu-hakama Coffer (IL 340),Genji Tsutsu-hakama of Casting
Genji Tsutsu-hakama Coffer (IL 340),Genji Tsutsu-hakama of Healing
Genji Sune-ate Coffer (IL 340),Genji Sune-ate of Fending
Genji Sune-ate Coffer (IL 340),Genji Sune-ate of Maiming
Genji Sune-ate Coffer (IL 340),Genji Sune-ate of Striking
Genji Sune-ate Coffer (IL 340),Genji Sune-ate of Scouting
Genji Sune-ate Coffer (IL 340),Genji Sune-ate of Aiming
Genji Sune-ate Coffer (IL 340),Genji Sune-ate of Casting
Genji Sune-ate Coffer (IL 340),Genji Sune-ate of Healing
Genji Earring Coffer (IL 340),Genji Earrings of Fending
Genji Earring Coffer (IL 340),Genji Earrings of Slaying
Genji Earring Coffer (IL 340),Genji Earrings of Aiming
Genji Earring Coffer (IL 340),Genji Earrings of Casting
Genji Earring Coffer (IL 340),Genji Earrings of Healing
Genji Necklace Coffer (IL 340),Genji Necklace of Fending
Genji Necklace Coffer (IL 340),Genji Necklace of Slaying
Genji Necklace Coffer (IL 340),Genji Necklace of Aiming
Genji Necklace Coffer (IL 340),Genji Necklace of Casting
Genji Necklace Coffer (IL 340),Genji Necklace of Healing
Genji Bracelet Coffer (IL 340),Genji Bracelet of Fending
Genji Bracelet Coffer (IL 340),Genji Bracelet of Slaying
Genji Bracelet Coffer (IL 340),Genji Bracelet of Aiming
Genji Bracelet Coffer (IL 340),Genji Bracelet of Casting
Genji Bracelet Coffer (IL 340),Genji Bracelet of Healing
Genji Ring Coffer (IL 340),Genji Ring of Fending
Genji Ring Coffer (IL 340),Genji Ring of Slaying
Genji Ring Coffer (IL 340),Genji Ring of Aiming
Genji Ring Coffer (IL 340),Genji Ring of Casting
Genji Ring Coffer (IL 340),Genji Ring of Healing
Horse Chestnut Weapon Coffer (IL 515),High Durium Sword
Horse Chestnut Weapon Coffer (IL 515),High Durium Shield
Horse Chestnut Weapon Coffer (IL 515),High Durium Axe
Horse Chestnut Weapon Coffer (IL 515),High Durium Guillotine
Horse Chestnut Weapon Coffer (IL 515),High Durium Manatrigger
Horse Chestnut Weapon Coffer (IL 515),Horse Chestnut Spear
Horse Chestnut Weapon Coffer (IL 515),High Durium Sickle
Horse Chestnut Weapon Coffer (IL 515),High Durium Knuckles
Horse Chestnut Weapon Coffer (IL 515),High Durium Katana
Horse Chestnut Weapon Coffer (IL 515),High Durium Cleavers
Horse Chestnut Weapon Coffer (IL 515),Horse Chestnut Longbow
Horse Chestnut Weapon Coffer (IL 515),High Durium Pistol
Horse Chestnut Weapon Coffer (IL 515),High Durium Tathlums
Horse Chestnut Weapon Coffer (IL 515),Horse Chestnut Rod
Horse Chestnut Weapon Coffer (IL 515),Gaja Grimoire
Horse Chestnut Weapon Coffer (IL 515),High Durium Rapier
Horse Chestnut Weapon Coffer (IL 515),Horse Chestnut Cane
Horse Chestnut Weapon Coffer (IL 515),Gaja Codex
Horse Chestnut Weapon Coffer (IL 515),High Durium Planisphere
Horse Chestnut Weapon Coffer (IL 515),High Durium Milpreves
Horse Chestnut Head Gear Coffer (IL 515),High Durium Helm of Fending
Horse Chestnut Head Gear Coffer (IL 515),High Durium Visor of Maiming
Horse Chestnut Head Gear Coffer (IL 515),High Durium Visor of Striking
Horse Chestnut Head Gear Coffer (IL 515),High Durium Helm of Scouting
Horse Chestnut Head Gear Coffer (IL 515),High Durium Visor of Aiming
Horse Chestnut Head Gear Coffer (IL 515),Gajaskin Circlet of Casting
Horse Chestnut Head Gear Coffer (IL 515),Gajaskin Circlet of Healing
Horse Chestnut Chest Gear Coffer (IL 515),Gajaskin Coat of Fending
Horse Chestnut Chest Gear Coffer (IL 515),Gajaskin Vest of Maiming
Horse Chestnut Chest Gear Coffer (IL 515),Gajaskin Vest of Striking
Horse Chestnut Chest Gear Coffer (IL 515),Gajaskin Vest of Scouting
Horse Chestnut Chest Gear Coffer (IL 515),Gajaskin Jacket of Aiming
Horse Chestnut Chest Gear Coffer (IL 515),Darkhempen Coat of Casting
Horse Chestnut Chest Gear Coffer (IL 515),Darkhempen Coat of Healing
Horse Chestnut Hand Gear Coffer (IL 515),High Durium Armguards of Fending
Horse Chestnut Hand Gear Coffer (IL 515),High Durium Armguards of Maiming
Horse Chestnut Hand Gear Coffer (IL 515),Fingerless Gajaskin Gloves of Striking
Horse Chestnut Hand Gear Coffer (IL 515),Fingerless Gajaskin Gloves of Scouting
Horse Chestnut Hand Gear Coffer (IL 515),High Durium Armguards of Aiming
Horse Chestnut Hand Gear Coffer (IL 515),Fingerless Darkhempen Gloves of Casting
Horse Chestnut Hand Gear Coffer (IL 515),Fingerless Darkhempen Gloves of Healing
Horse Chestnut Leg Gear Coffer (IL 515),Darkhempen Trousers of Fending
Horse Chestnut Leg Gear Coffer (IL 515),Darkhempen Trousers of Maiming
Horse Chestnut Leg Gear Coffer (IL 515),Darkhempen Skirt of Striking
Horse Chestnut Leg Gear Coffer (IL 515),Darkhempen Skirt of Scouting
Horse Chestnut Leg Gear Coffer (IL 515),Darkhempen Trousers of Aiming
Horse Chestnut Leg Gear Coffer (IL 515),Darkhempen Bottoms of Casting
Horse Chestnut Leg Gear Coffer (IL 515),Darkhempen Bottoms of Healing
Horse Chestnut Foot Gear Coffer (IL 515),Gajaskin Boots of Fending
Horse Chestnut Foot Gear Coffer (IL 515),Gajaskin Boots of Maiming
Horse Chestnut Foot Gear Coffer (IL 515),Gajaskin Shoes of Striking
Horse Chestnut Foot Gear Coffer (IL 515),Gajaskin Shoes of Scouting
Horse Chestnut Foot Gear Coffer (IL 515),Gajaskin Shoes of Aiming
Horse Chestnut Foot Gear Coffer (IL 515),Gajaskin Boots of Casting
Horse Chestnut Foot Gear Coffer (IL 515),Gajaskin Boots of Healing
Horse Chestnut Earring Coffer (IL 515),Ametrine Earrings of Fending
Horse Chestnut Earring Coffer (IL 515),Ametrine Earrings of Slaying
Horse Chestnut Earring Coffer (IL 515),Ametrine Earrings of Aiming
Horse Chestnut Earring Coffer (IL 515),Ametrine Earrings of Casting
Horse Chestnut Earring Coffer (IL 515),Ametrine Earrings of Healing
Horse Chestnut Necklace Coffer (IL 515),Ametrine Choker of Fending
Horse Chestnut Necklace Coffer (IL 515),Ametrine Choker of Slaying
Horse Chestnut Necklace Coffer (IL 515),Ametrine Choker of Aiming
Horse Chestnut Necklace Coffer (IL 515),Ametrine Choker of Casting
Horse Chestnut Necklace Coffer (IL 515),Ametrine Choker of Healing
Horse Chestnut Bracelet Coffer (IL 515),Ametrine Bracelet of Fending
Horse Chestnut Bracelet Coffer (IL 515),Ametrine Bracelet of Slaying
Horse Chestnut Bracelet Coffer (IL 515),Ametrine Bracelet of Aiming
Horse Chestnut Bracelet Coffer (IL 515),Ametrine Bracelet of Casting
Horse Chestnut Bracelet Coffer (IL 515),Ametrine Bracelet of Healing
Horse Chestnut Ring Coffer (IL 515),Ametrine Ring of Fending
Horse Chestnut Ring Coffer (IL 515),Ametrine Ring of Slaying
Horse Chestnut Ring Coffer (IL 515),Ametrine Ring of Aiming
Horse Chestnut Ring Coffer (IL 515),Ametrine Ring of Casting
Horse Chestnut Ring Coffer (IL 515),Ametrine Ring of Healing
Gordian Weapon Coffer (IL 210),Gordian Blade
Gordian Weapon Coffer (IL 210),Gordian Shield
Gordian Weapon Coffer (IL 210),Gordian Axe
Gordian Weapon Coffer (IL 210),Gordian Greatsword
Gordian Weapon Coffer (IL 210),Gordian Trident
Gordian Weapon Coffer (IL 210),Gordian Cesti
Gordian Weapon Coffer (IL 210),Gordian Katana
Gordian Weapon Coffer (IL 210),Gordian Baselards
Gordian Weapon Coffer (IL 210),Gordian Longbow
Gordian Weapon Coffer (IL 210),Gordian Musketoon
Gordian Weapon Coffer (IL 210),Gordian Staff
Gordian Weapon Coffer (IL 210),Gordian Grimoire
Gordian Weapon Coffer (IL 210),Gordian Rapier
Gordian Weapon Coffer (IL 210),Gordian Cane
Gordian Weapon Coffer (IL 210),Gordian Codex
Gordian Weapon Coffer (IL 210),Gordian Astrometer
Gordian Head Gear Coffer (IL 210),Gordian Armet of Fending
Gordian Head Gear Coffer (IL 210),Gordian Sallet of Maiming
Gordian Head Gear Coffer (IL 210),Gordian Sallet of Striking
Gordian Head Gear Coffer (IL 210),Gordian Hood of Scouting
Gordian Head Gear Coffer (IL 210),Gordian Hood of Aiming
Gordian Head Gear Coffer (IL 210),Gordian Crown of Casting
Gordian Head Gear Coffer (IL 210),Gordian Crown of Healing
Gordian Chest Gear Coffer (IL 210),Gordian Plate Mail of Fending
Gordian Chest Gear Coffer (IL 210),Gordian Mail of Maiming
Gordian Chest Gear Coffer (IL 210),Gordian Mail of Striking
Gordian Chest Gear Coffer (IL 210),Gordian Corselet of Scouting
Gordian Chest Gear Coffer (IL 210),Gordian Corselet of Aiming
Gordian Chest Gear Coffer (IL 210),Gordian Gown of Casting
Gordian Chest Gear Coffer (IL 210),Gordian Gown of Healing
Gordian Hand Gear Coffer (IL 210),Gordian Gauntlets of Fending
Gordian Hand Gear Coffer (IL 210),Gordian Gauntlets of Maiming
Gordian Hand Gear Coffer (IL 210),Gordian Gauntlets of Striking
Gordian Hand Gear Coffer (IL 210),Gordian Armguards of Scouting
Gordian Hand Gear Coffer (IL 210),Gordian Armguards of Aiming
Gordian Hand Gear Coffer (IL 210),Gordian Gloves of Casting
Gordian Hand Gear Coffer (IL 210),Gordian Gloves of Healing
Gordian Leg Gear Coffer (IL 210),Gordian Breeches of Fending
Gordian Leg Gear Coffer (IL 210),Gordian Breeches of Maiming
Gordian Leg Gear Coffer (IL 210),Gordian Breeches of Striking
Gordian Leg Gear Coffer (IL 210),Gordian Poleyns of Scouting
Gordian Leg Gear Coffer (IL 210),Gordian Poleyns of Aiming
Gordian Leg Gear Coffer (IL 210),Gordian Brayettes of Casting
Gordian Leg Gear Coffer (IL 210),Gordian Brayettes of Healing
Gordian Foot Gear Coffer (IL 210),Gordian Sollerets of Fending
Gordian Foot Gear Coffer (IL 210),Gordian Sabatons of Maiming
Gordian Foot Gear Coffer (IL 210),Gordian Sabatons of Striking
Gordian Foot Gear Coffer (IL 210),Gordian Sabatons of Scouting
Gordian Foot Gear Coffer (IL 210),Gordian Sabatons of Aiming
Gordian Foot Gear Coffer (IL 210),Gordian Gambieras of Casting
Gordian Foot Gear Coffer (IL 210),Gordian Gambieras of Healing
Hades Weapon Coffer (IL 465),Misos
Hades Weapon Coffer (IL 465),Eulabeia
Hades Weapon Coffer (IL 465),Thumosis
Hades Weapon Coffer (IL 465),Eleos
Hades Weapon Coffer (IL 465),Odune
Hades Weapon Coffer (IL 465),Menis
Hades Weapon Coffer (IL 465),Zelos
Hades Weapon Coffer (IL 465),Aischune
Hades Weapon Coffer (IL 465),Phthonos
Hades Weapon Coffer (IL 465),Deima
Hades Weapon Coffer (IL 465),Ekplexis
Hades Weapon Coffer (IL 465),Zelotupia
Hades Weapon Coffer (IL 465),Oknos
Hades Weapon Coffer (IL 465),Epikairekakia
Hades Weapon Coffer (IL 465),Agonia
Hades Weapon Coffer (IL 465),Kelesis
Hades Weapon Coffer (IL 465),Enochlesis
Hades Weapon Coffer (IL 465),Himeros
Heavens Weapon Coffer (IL 205),Sword of the Heavens
Heavens Weapon Coffer (IL 205),Shield of the Heavens
Heavens Weapon Coffer (IL 205),Axe of the Heavens
Heavens Weapon Coffer (IL 205),Claymore of the Heavens
Heavens Weapon Coffer (IL 205),Gunblade of the Heavens
Heavens Weapon Coffer (IL 205),Halberd of the Heavens
Heavens Weapon Coffer (IL 205),Sickle of the Heavens
Heavens Weapon Coffer (IL 205),Knuckles of the Heavens
Heavens Weapon Coffer (IL 205),Katana of the Heavens
Heavens Weapon Coffer (IL 205),Daggers of the Heavens
Heavens Weapon Coffer (IL 205),Bow of the Heavens
Heavens Weapon Coffer (IL 205),Heavensfire
Heavens Weapon Coffer (IL 205),War Quoits of the Heavens
Heavens Weapon Coffer (IL 205),Staff of the Heavens
Heavens Weapon Coffer (IL 205),Grimoire of the Heavens
Heavens Weapon Coffer (IL 205),Rapier of the Heavens
Heavens Weapon Coffer (IL 205),Cane of the Heavens
Heavens Weapon Coffer (IL 205),Codex of the Heavens
Heavens Weapon Coffer (IL 205),Heavensmeter
Heavens Weapon Coffer (IL 205),Milpreves of the Heavens
Hive Weapon Coffer (IL 190),Hive Shamshir
Hive Weapon Coffer (IL 190),Hive Scutum
Hive Weapon Coffer (IL 190),Hive Battleaxe
Hive Weapon Coffer (IL 190),Hive Claymore
Hive Weapon Coffer (IL 190),Hive Spear
Hive Weapon Coffer (IL 190),Hive Claws
Hive Weapon Coffer (IL 190),Hive Katana
Hive Weapon Coffer (IL 190),Hive Kris
Hive Weapon Coffer (IL 190),Hive Bow
Hive Weapon Coffer (IL 190),Hive Musketoon
Hive Weapon Coffer (IL 190),Hive Longpole
Hive Weapon Coffer (IL 190),Hive Grimoire
Hive Weapon Coffer (IL 190),Hive Rapier
Hive Weapon Coffer (IL 190),Hive Cane
Hive Weapon Coffer (IL 190),Hive Codex
Hive Weapon Coffer (IL 190),Hive Planisphere
Horde Weapon Coffer (IL 235),Horde Blade
Horde Weapon Coffer (IL 235),Horde Shield
Horde Weapon Coffer (IL 235),Horde Axe
Horde Weapon Coffer (IL 235),Horde Guillotine
Horde Weapon Coffer (IL 235),Horde Spear
Horde Weapon Coffer (IL 235),Horde Knuckles
Horde Weapon Coffer (IL 235),Horde Katana
Horde Weapon Coffer (IL 235),Horde Daggers
Horde Weapon Coffer (IL 235),Horde Bow
Horde Weapon Coffer (IL 235),Horde Handgonne
Horde Weapon Coffer (IL 235),Horde Rod
Horde Weapon Coffer (IL 235),Horde Grimoire
Horde Weapon Coffer (IL 235),Horde Rapier
Horde Weapon Coffer (IL 235),Horde Cane
Horde Weapon Coffer (IL 235),Horde Codex
Horde Weapon Coffer (IL 235),Horde Star Globe
Ice Weapon Coffer (IL 110),True Ice Shield
Ice Weapon Coffer (IL 110),True Ice Brand
Ice Weapon Coffer (IL 110),True Ice Axe
Ice Weapon Coffer (IL 110),True Ice Breaker
Ice Weapon Coffer (IL 110),True Ice Spear
Ice Weapon Coffer (IL 110),True Ice Claws
Ice Weapon Coffer (IL 110),True Ice Katana
Ice Weapon Coffer (IL 110),True Ice Daggers
Ice Weapon Coffer (IL 110),True Ice Bow
Ice Weapon Coffer (IL 110),True Ice Musketoon
Ice Weapon Coffer (IL 110),True Ice Rod
Ice Weapon Coffer (IL 110),True Grimoire of Ice
Ice Weapon Coffer (IL 110),True Ice Degen
Ice Weapon Coffer (IL 110),True Ice Cane
Ice Weapon Coffer (IL 110),True Codex of Ice
Ice Weapon Coffer (IL 110),True Ice Astrometer
Inferno Weapon Coffer (IL 60),Ifrit's Blade
Inferno Weapon Coffer (IL 60),Ifrit's Battleaxe
Inferno Weapon Coffer (IL 60),Ifrit's Faussar
Inferno Weapon Coffer (IL 60),Ifrit's Harpoon
Inferno Weapon Coffer (IL 60),Ifrit's Claws
Inferno Weapon Coffer (IL 60),Ifrit's Katana
Inferno Weapon Coffer (IL 60),Ifrit's Kris
Inferno Weapon Coffer (IL 60),Ifrit's Bow
Inferno Weapon Coffer (IL 60),Ifrit's Musketoon
Inferno Weapon Coffer (IL 60),Ifrit's Rod
Inferno Weapon Coffer (IL 60),Ifrit's Grimoire
Inferno Weapon Coffer (IL 60),Ifrit's Rapier
Inferno Weapon Coffer (IL 60),Ifrit's Cane
Inferno Weapon Coffer (IL 60),Ifrit's Codex
Inferno Weapon Coffer (IL 60),Ifrit's Star Globe
Ironwood Weapon Coffer (IL 539),Manganese Sword
Ironwood Weapon Coffer (IL 539),Manganese Kite Shield
Ironwood Weapon Coffer (IL 539),Manganese Axe
Ironwood Weapon Coffer (IL 539),Manganese Greatsword
Ironwood Weapon Coffer (IL 539),Manganese Bayonet
Ironwood Weapon Coffer (IL 539),Ironwood Spear
Ironwood Weapon Coffer (IL 539),Manganese War Scythe
Ironwood Weapon Coffer (IL 539),Manganese Knuckles
Ironwood Weapon Coffer (IL 539),Manganese Uchigatana
Ironwood Weapon Coffer (IL 539),Manganese Daggers
Ironwood Weapon Coffer (IL 539),Ironwood Longbow
Ironwood Weapon Coffer (IL 539),Manganese Chakrams
Ironwood Weapon Coffer (IL 539),Ironwood Staff
Ironwood Weapon Coffer (IL 539),Kumbhiraskin Grimoire
Ironwood Weapon Coffer (IL 539),Manganese Rapier
Ironwood Weapon Coffer (IL 539),Ironwood Cane
Ironwood Weapon Coffer (IL 539),Kumbhiraskin Codex
Ironwood Weapon Coffer (IL 539),Manganese Orrery
Ironwood Weapon Coffer (IL 539),Manganese Syrinxi
Ironwood Head Gear Coffer (IL 539),Manganese Helm of the Behemoth King
Ironwood Head Gear Coffer (IL 539),Manganese Helm of the Behemoth Queen
Ironwood Head Gear Coffer (IL 539),Manganese Helm of the Rising Dragon
Ironwood Head Gear Coffer (IL 539),Manganese Helm of the Falling Dragon
Ironwood Head Gear Coffer (IL 539),Manganese Horn of the Last Unicorn
Ironwood Head Gear Coffer (IL 539),Scarlet Moko Hood of the Black Griffin
Ironwood Head Gear Coffer (IL 539),Scarlet Moko Hood of the White Griffin
Ironwood Chest Gear Coffer (IL 539),Manganese Armor of the Behemoth King
Ironwood Chest Gear Coffer (IL 539),Manganese Armor of the Behemoth Queen
Ironwood Chest Gear Coffer (IL 539),Kumbhiraskin Jacket of the Rising Dragon
Ironwood Chest Gear Coffer (IL 539),Kumbhiraskin Jacket of the Falling Dragon
Ironwood Chest Gear Coffer (IL 539),Scarlet Moko Robe of the Last Unicorn
Ironwood Chest Gear Coffer (IL 539),Scarlet Moko Robe of the Black Griffin
Ironwood Chest Gear Coffer (IL 539),Scarlet Moko Robe of the White Griffin
Ironwood Hand Gear Coffer (IL 539),Manganese Gauntlets of the Behemoth King
Ironwood Hand Gear Coffer (IL 539),Manganese Gauntlets of the Behemoth Queen
Ironwood Hand Gear Coffer (IL 539),Manganese Gloves of the Rising Dragon
Ironwood Hand Gear Coffer (IL 539),Manganese Gloves of the Falling Dragon
Ironwood Hand Gear Coffer (IL 539),Kumbhiraskin Armguards of the Last Unicorn
Ironwood Hand Gear Coffer (IL 539),Kumbhiraskin Gloves of the Black Griffin
Ironwood Hand Gear Coffer (IL 539),Kumbhiraskin Gloves of the White Griffin
Ironwood Leg Gear Coffer (IL 539),Kumbhiraskin Cuisses of the Behemoth King
Ironwood Leg Gear Coffer (IL 539),Kumbhiraskin Cuisses of the Behemoth Queen
Ironwood Leg Gear Coffer (IL 539),Scarlet Moko Gaskins of the Rising Dragon
Ironwood Leg Gear Coffer (IL 539),Scarlet Moko Gaskins of the Falling Dragon
Ironwood Leg Gear Coffer (IL 539),Scarlet Moko Longkilt of the Last Unicorn
Ironwood Leg Gear Coffer (IL 539),Scarlet Moko Chausses of the Black Griffin
Ironwood Leg Gear Coffer (IL 539),Scarlet Moko Chausses of the White Griffin
Ironwood Foot Gear Coffer (IL 539),Manganese Sabatons of the Behemoth King
Ironwood Foot Gear Coffer (IL 539),Manganese Sabatons of the Behemoth Queen
Ironwood Foot Gear Coffer (IL 539),Manganese Gaiters of the Rising Dragon
Ironwood Foot Gear Coffer (IL 539),Manganese Gaiters of the Falling Dragon
Ironwood Foot Gear Coffer (IL 539),Kumbhiraskin Leg Guards of the Last Unicorn
Ironwood Foot Gear Coffer (IL 539),Manganese Boots of the Black Griffin
Ironwood Foot Gear Coffer (IL 539),Manganese Boots of the White Griffin
Ironwood Earring Coffer (IL 539),Blue Zircon Earrings of Fending 
Ironwood Earring Coffer (IL 539),Blue Zircon Earrings of Slaying
Ironwood Earring Coffer (IL 539),Blue Zircon Earrings of Aiming
Ironwood Earring Coffer (IL 539),Blue Zircon Earrings of Casting
Ironwood Earring Coffer (IL 539),Blue Zircon Earrings of Healing
Ironwood Necklace Coffer (IL 539),Ironwood Choker of Fending
Ironwood Necklace Coffer (IL 539),Ironwood Choker of Slaying
Ironwood Necklace Coffer (IL 539),Ironwood Choker of Aiming
Ironwood Necklace Coffer (IL 539),Ironwood Choker of Casting
Ironwood Necklace Coffer (IL 539),Ironwood Choker of Healing
Ironwood Bracelet Coffer (IL 539),Blue Zircon Bracelet of Fending
Ironwood Bracelet Coffer (IL 539),Blue Zircon Bracelet of Slaying
Ironwood Bracelet Coffer (IL 539),Blue Zircon Bracelet of Aiming
Ironwood Bracelet Coffer (IL 539),Blue Zircon Bracelet of Casting
Ironwood Bracelet Coffer (IL 539),Blue Zircon Bracelet of Healing
Ironwood Ring Coffer (IL 539),Blue Zircon Ring of Fending
Ironwood Ring Coffer (IL 539),Blue Zircon Ring of Slaying
Ironwood Ring Coffer (IL 539),Blue Zircon Ring of Aiming
Ironwood Ring Coffer (IL 539),Blue Zircon Ring of Casting
Ironwood Ring Coffer (IL 539),Blue Zircon Ring of Healing
Level 50 Weapon Coffer (IL 70),Giantsgall Longsword
Level 50 Weapon Coffer (IL 70),Darksteel Scutum
Level 50 Weapon Coffer (IL 70),Giantsgall War Axe
Level 50 Weapon Coffer (IL 70),Giantsgall Trident
Level 50 Weapon Coffer (IL 70),Giantsgall Claws
Level 50 Weapon Coffer (IL 70),Giantsgall Cleavers
Level 50 Weapon Coffer (IL 70),Giantsgall Longbow
Level 50 Weapon Coffer (IL 70),Giantsgall Longstaff
Level 50 Weapon Coffer (IL 70),Cantamina Thavnaria
Level 50 Weapon Coffer (IL 70),Giantsgall Cane
Level 50 Weapon Coffer (IL 70),Medica Thavnaria
Level 50 Weapon Coffer (IL 90),Break Blade
Level 50 Weapon Coffer (IL 90),Onion Shield
Level 50 Weapon Coffer (IL 90),Dual Haken
Level 50 Weapon Coffer (IL 90),Holy Lance
Level 50 Weapon Coffer (IL 90),Hellish Claws
Level 50 Weapon Coffer (IL 90),Air Knives
Level 50 Weapon Coffer (IL 90),Elfin Bow
Level 50 Weapon Coffer (IL 90),Elder Staff
Level 50 Weapon Coffer (IL 90),Omnitome
Level 50 Weapon Coffer (IL 90),Omnirod
Level 50 Weapon Coffer (IL 90),Cognitome
Level 50 Weapon Coffer (IL 110),Noct Hoplon
Level 50 Weapon Coffer (IL 110),Burtgang
Level 50 Weapon Coffer (IL 110),Conquerer
Level 50 Weapon Coffer (IL 110),Liberator
Level 50 Weapon Coffer (IL 110),Glanzfaust
Level 50 Weapon Coffer (IL 110),Vajras
Level 50 Weapon Coffer (IL 110),Rosenbogen
Level 50 Weapon Coffer (IL 110),Laevateinn
Level 50 Weapon Coffer (IL 110),Book of Spades
Level 50 Weapon Coffer (IL 110),Yagrush
Level 50 Weapon Coffer (IL 110),Book of Diamonds
Levin Weapon Coffer (IL 100),Thunderstrike
Levin Weapon Coffer (IL 100),Thunderhead
Levin Weapon Coffer (IL 100),Thunderstorm
Levin Weapon Coffer (IL 100),Thunderclap
Levin Weapon Coffer (IL 100),Thunderbolt
Levin Weapon Coffer (IL 100),Thundercrack
Levin Weapon Coffer (IL 100),Thunderstroke
Levin Weapon Coffer (IL 100),Thundersparks
Levin Weapon Coffer (IL 100),Thunderdart
Levin Weapon Coffer (IL 100),Thundershower
Levin Weapon Coffer (IL 100),Adjudicator's Staff
Levin Weapon Coffer (IL 100),Ona Ramuhda
Levin Weapon Coffer (IL 100),Thunderstone
Levin Weapon Coffer (IL 100),Adjudicator's Gavel
Levin Weapon Coffer (IL 100),The Law of Levin
Levin Weapon Coffer (IL 100),Thunderdome
Light Weapon Coffer (IL 495),Sword of Light
Light Weapon Coffer (IL 495),Shield of Light
Light Weapon Coffer (IL 495),Axe of Light
Light Weapon Coffer (IL 495),Faussar of Light
Light Weapon Coffer (IL 495),Gunblade of Light
Light Weapon Coffer (IL 495),Spear of Light
Light Weapon Coffer (IL 495),Jamadhars of Light
Light Weapon Coffer (IL 495),Blade of Light
Light Weapon Coffer (IL 495),Knives of Light
Light Weapon Coffer (IL 495),Bow of Light
Light Weapon Coffer (IL 495),Gun of Light
Light Weapon Coffer (IL 495),Chakrams of Light
Light Weapon Coffer (IL 495),Rod of Light
Light Weapon Coffer (IL 495),Index of Light
Light Weapon Coffer (IL 495),Hanger of Light
Light Weapon Coffer (IL 495),Cane of Light
Light Weapon Coffer (IL 495),Codex of Light
Light Weapon Coffer (IL 495),Globe of Light
Divine Light Weapon Coffer (IL 580),Bastard Sword of Divine Light
Divine Light Weapon Coffer (IL 580),Shield of Divine Light
Divine Light Weapon Coffer (IL 580),Labrys of Divine Light
Divine Light Weapon Coffer (IL 580),Greatsword of Divine Light
Divine Light Weapon Coffer (IL 580),Gunblade of Divine Light
Divine Light Weapon Coffer (IL 580),Partisan of Divine Light
Divine Light Weapon Coffer (IL 580),War Scythe of Divine Light
Divine Light Weapon Coffer (IL 580),Sainti of Divine Light
Divine Light Weapon Coffer (IL 580),Blade of Divine Light
Divine Light Weapon Coffer (IL 580),Daggers of Divine Light
Divine Light Weapon Coffer (IL 580),Longbow of Divine Light
Divine Light Weapon Coffer (IL 580),Pistol of Divine Light
Divine Light Weapon Coffer (IL 580),Tathlums of Divine Light
Divine Light Weapon Coffer (IL 580),Rod of Divine Light
Divine Light Weapon Coffer (IL 580),Grimoire of Divine Light
Divine Light Weapon Coffer (IL 580),Foil of Divine Light
Divine Light Weapon Coffer (IL 580),Cane of Divine Light
Divine Light Weapon Coffer (IL 580),Codex of Divine Light
Divine Light Weapon Coffer (IL 580),Torquetum of Divine Light
Divine Light Weapon Coffer (IL 580),Wings of Divine Light
Midan Weapon Coffer (IL 245),Midan Metal Sword
Midan Weapon Coffer (IL 245),Midan Metal Shield
Midan Weapon Coffer (IL 245),Midan Metal Axe
Midan Weapon Coffer (IL 245),Midan Metal Greatsword
Midan Weapon Coffer (IL 245),Midan Metal Spear
Midan Weapon Coffer (IL 245),Midan Metal Knuckles
Midan Weapon Coffer (IL 245),Midan Metal Katana
Midan Weapon Coffer (IL 245),Midan Metal Daggers
Midan Weapon Coffer (IL 245),Midan Metal Bow
Midan Weapon Coffer (IL 245),Midan Metal Musketoon
Midan Weapon Coffer (IL 245),Midan Metal Rod
Midan Weapon Coffer (IL 245),Midan Metal Grimoire
Midan Weapon Coffer (IL 245),Midan Metal Rapier
Midan Weapon Coffer (IL 245),Midan Metal Cane
Midan Weapon Coffer (IL 245),Midan Metal Codex
Midan Weapon Coffer (IL 245),Midan Metal Astrometer
Midan Head Gear Coffer (IL 240),Midan Headband of Fending
Midan Head Gear Coffer (IL 240),Midan Mask of Maiming
Midan Head Gear Coffer (IL 240),Midan Mask of Striking
Midan Head Gear Coffer (IL 240),Midan Goggles of Scouting
Midan Head Gear Coffer (IL 240),Midan Goggles of Aiming
Midan Head Gear Coffer (IL 240),Midan Horn of Casting
Midan Head Gear Coffer (IL 240),Midan Horn of Healing
Midan Chest Gear Coffer (IL 240),Midan Coat of Fending
Midan Chest Gear Coffer (IL 240),Midan Jacket of Maiming
Midan Chest Gear Coffer (IL 240),Midan Jacket of Striking
Midan Chest Gear Coffer (IL 240),Midan Coat of Scouting
Midan Chest Gear Coffer (IL 240),Midan Coat of Aiming
Midan Chest Gear Coffer (IL 240),Midan Coat of Casting
Midan Chest Gear Coffer (IL 240),Midan Coat of Healing
Midan Hand Gear Coffer (IL 240),Midan Gauntlets of Fending
Midan Hand Gear Coffer (IL 240),Midan Gloves of Maiming
Midan Hand Gear Coffer (IL 240),Midan Gloves of Striking
Midan Hand Gear Coffer (IL 240),Midan Gloves of Scouting
Midan Hand Gear Coffer (IL 240),Midan Gloves of Aiming
Midan Hand Gear Coffer (IL 240),Midan Gloves of Casting
Midan Hand Gear Coffer (IL 240),Midan Gloves of Healing
Midan Leg Gear Coffer (IL 240),Midan Breeches of Fending
Midan Leg Gear Coffer (IL 240),Midan Breeches of Maiming
Midan Leg Gear Coffer (IL 240),Midan Breeches of Striking
Midan Leg Gear Coffer (IL 240),Midan Poleyns of Scouting
Midan Leg Gear Coffer (IL 240),Midan Poleyns of Aiming
Midan Leg Gear Coffer (IL 240),Midan Trousers of Casting
Midan Leg Gear Coffer (IL 240),Midan Trousers of Healing
Midan Foot Gear Coffer (IL 240),Midan Sabatons of Fending
Midan Foot Gear Coffer (IL 240),Midan Boots of Maiming
Midan Foot Gear Coffer (IL 240),Midan Boots of Striking
Midan Foot Gear Coffer (IL 240),Midan Boots of Scouting
Midan Foot Gear Coffer (IL 240),Midan Boots of Aiming
Midan Foot Gear Coffer (IL 240),Midan Boots of Casting
Midan Foot Gear Coffer (IL 240),Midan Boots of Healing
Mogpon Coffer (IL 75),Morbid Mogblade
Mogpon Coffer (IL 75),Malignant Mogaxe
Mogpon Coffer (IL 75),Monstrous Mogsword
Mogpon Coffer (IL 75),Melancholy Mogfork
Mogpon Coffer (IL 75),Murderous Mogfists
Mogpon Coffer (IL 75),Maliferous Mogtana
Mogpon Coffer (IL 75),Mortal Mogknives
Mogpon Coffer (IL 75),Mischievous Mogbow
Mogpon Coffer (IL 75),Menacing Mog Gun
Mogpon Coffer (IL 75),Maleficent Mogstaff
Mogpon Coffer (IL 75),Majestic Mogtome
Mogpon Coffer (IL 75),Manipulative Mogfoil
Mogpon Coffer (IL 75),Mighty Mogrod
Mogpon Coffer (IL 75),Munificent Mogtome
Mogpon Coffer (IL 75),Moonlit Moglobe
Pewter Weapon Coffer (IL 525),High Durium Longsword
Pewter Weapon Coffer (IL 525),High Durium Kite Shield
Pewter Weapon Coffer (IL 525),High Durium Bhuj
Pewter Weapon Coffer (IL 525),High Durium Greatsword
Pewter Weapon Coffer (IL 525),High Durium Bayonet
Pewter Weapon Coffer (IL 525),Palm Halberd
Pewter Weapon Coffer (IL 525),High Durium War Scythe
Pewter Weapon Coffer (IL 525),High Durium Cesti
Pewter Weapon Coffer (IL 525),High Durium Uchigatana
Pewter Weapon Coffer (IL 525),High Durium Knives
Pewter Weapon Coffer (IL 525),Palm Longbow
Pewter Weapon Coffer (IL 525),High Durium Musketoon
Pewter Weapon Coffer (IL 525),High Durium Glaives
Pewter Weapon Coffer (IL 525),Pewter Rod
Pewter Weapon Coffer (IL 525),Luncheon Toadskin Grimoire
Pewter Weapon Coffer (IL 525),Pewter Rapier
Pewter Weapon Coffer (IL 525),Palm Crook
Pewter Weapon Coffer (IL 525),Luncheon Toadskin Codex
Pewter Weapon Coffer (IL 525),Pewter Astrometer
Pewter Weapon Coffer (IL 525),Pewter Pendulums
Pewter Head Gear Coffer (IL 525),Pewter Circlet of Fending
Pewter Head Gear Coffer (IL 525),Pewter Circlet of Maiming
Pewter Head Gear Coffer (IL 525),Almasty Serge Headband of Striking
Pewter Head Gear Coffer (IL 525),Almasty Serge Headband of Scouting
Pewter Head Gear Coffer (IL 525),Almasty Serge Hat of Aiming
Pewter Head Gear Coffer (IL 525),Almasty Serge Hat of Casting
Pewter Head Gear Coffer (IL 525),Almasty Serge Hat of Healing
Pewter Chest Gear Coffer (IL 525),High Durium Armor of Fending
Pewter Chest Gear Coffer (IL 525),High Durium Armor of Maiming
Pewter Chest Gear Coffer (IL 525),Luncheon Toadskin Jacket of Striking
Pewter Chest Gear Coffer (IL 525),Luncheon Toadskin Jacket of Scouting
Pewter Chest Gear Coffer (IL 525),Almasty Serge Coat of Aiming
Pewter Chest Gear Coffer (IL 525),Almasty Serge Coat of Casting
Pewter Chest Gear Coffer (IL 525),Almasty Serge Coat of Healing
Pewter Hand Gear Coffer (IL 525),High Durium Gauntlets of Fending
Pewter Hand Gear Coffer (IL 525),High Durium Gauntlets of Maiming
Pewter Hand Gear Coffer (IL 525),Luncheon Toadskin Gloves of Striking
Pewter Hand Gear Coffer (IL 525),Luncheon Toadskin Gloves of Scouting
Pewter Hand Gear Coffer (IL 525),Almasty Serge Gloves of Aiming
Pewter Hand Gear Coffer (IL 525),Almasty Serge Gloves of Casting
Pewter Hand Gear Coffer (IL 525),Almasty Serge Gloves of Healing
Pewter Leg Gear Coffer (IL 525),Luncheon Toadskin Hose of Fending
Pewter Leg Gear Coffer (IL 525),Luncheon Toadskin Hose of Maiming
Pewter Leg Gear Coffer (IL 525),Luncheon Toadskin Hose of Striking
Pewter Leg Gear Coffer (IL 525),Luncheon Toadskin Hose of Scouting
Pewter Leg Gear Coffer (IL 525),Luncheon Toadskin Hose of Aiming
Pewter Leg Gear Coffer (IL 525),Luncheon Toadskin Hose of Casting
Pewter Leg Gear Coffer (IL 525),Luncheon Toadskin Hose of Healing
Pewter Foot Gear Coffer (IL 525),High Durium Sollerets of Fending
Pewter Foot Gear Coffer (IL 525),High Durium Sollerets of Maiming
Pewter Foot Gear Coffer (IL 525),Luncheon Toadskin Boots of Striking
Pewter Foot Gear Coffer (IL 525),Luncheon Toadskin Thighboots of Scouting
Pewter Foot Gear Coffer (IL 525),Luncheon Toadskin Thighboots of Aiming
Pewter Foot Gear Coffer (IL 525),Luncheon Toadskin Thighboots of Casting
Pewter Foot Gear Coffer (IL 525),Luncheon Toadskin Thighboots of Healing
Pewter Earring Coffer (IL 525),Palm Ear Cuffs of Fending
Pewter Earring Coffer (IL 525),Palm Ear Cuffs of Slaying
Pewter Earring Coffer (IL 525),Palm Ear Cuffs of Aiming
Pewter Earring Coffer (IL 525),Palm Ear Cuffs of Casting
Pewter Earring Coffer (IL 525),Palm Ear Cuffs of Healing
Pewter Necklace Coffer (IL 525),Pewter Choker of Fending
Pewter Necklace Coffer (IL 525),Pewter Choker of Slaying
Pewter Necklace Coffer (IL 525),Pewter Choker of Aiming
Pewter Necklace Coffer (IL 525),Pewter Choker of Casting
Pewter Necklace Coffer (IL 525),Pewter Choker of Healing
Pewter Bracelet Coffer (IL 525),Palm Bracelets of Fending
Pewter Bracelet Coffer (IL 525),Palm Bracelets of Slaying
Pewter Bracelet Coffer (IL 525),Palm Bracelets of Aiming
Pewter Bracelet Coffer (IL 525),Palm Bracelets of Casting
Pewter Bracelet Coffer (IL 525),Palm Bracelets of Healing
Pewter Ring Coffer (IL 525),Pewter Ring of Fending
Pewter Ring Coffer (IL 525),Pewter Ring of Slaying
Pewter Ring Coffer (IL 525),Pewter Ring of Aiming
Pewter Ring Coffer (IL 525),Pewter Ring of Casting
Pewter Ring Coffer (IL 525),Pewter Ring of Healing
Phrygian Weapon Coffer (IL 533),Bismuth Katzbalger
Phrygian Weapon Coffer (IL 533),Bismuth Shield
Phrygian Weapon Coffer (IL 533),Bismuth Axe
Phrygian Weapon Coffer (IL 533),Bismuth Greatsword
Phrygian Weapon Coffer (IL 533),Bismuth Gunblade
Phrygian Weapon Coffer (IL 533),Red Pine Spear
Phrygian Weapon Coffer (IL 533),Bismuth War Scythe
Phrygian Weapon Coffer (IL 533),Bismuth Tonfa
Phrygian Weapon Coffer (IL 533),Bismuth Uchigatana
Phrygian Weapon Coffer (IL 533),Bismuth Daggers
Phrygian Weapon Coffer (IL 533),Bismuth Bow
Phrygian Weapon Coffer (IL 533),Bismuth Blunderbuss
Phrygian Weapon Coffer (IL 533),Bismuth Chakrams
Phrygian Weapon Coffer (IL 533),Phrygian Rod
Phrygian Weapon Coffer (IL 533),Saigaskin Grimoire
Phrygian Weapon Coffer (IL 533),Phrygian Hanger
Phrygian Weapon Coffer (IL 533),Red Pine Cane
Phrygian Weapon Coffer (IL 533),Saigaskin Codex
Phrygian Weapon Coffer (IL 533),Phrygian Orrery
Phrygian Weapon Coffer (IL 533),Phrygian Wings
Phrygian Head Gear Coffer (IL 533),Bismuth Goggles of Fending
Phrygian Head Gear Coffer (IL 533),Bismuth Headgear of Maiming
Phrygian Head Gear Coffer (IL 533),Snow Linen Cap of Striking
Phrygian Head Gear Coffer (IL 533),Snow Linen Cap of Scouting
Phrygian Head Gear Coffer (IL 533),Saigaskin Cap of Aiming
Phrygian Head Gear Coffer (IL 533),Saigaskin Cap of Casting
Phrygian Head Gear Coffer (IL 533),Snow Linen Cap of Healing
Phrygian Chest Gear Coffer (IL 533),Saigaskin Coat of Fending
Phrygian Chest Gear Coffer (IL 533),Saigaskin Coat of Maiming
Phrygian Chest Gear Coffer (IL 533),Saigaskin Jacket of Striking
Phrygian Chest Gear Coffer (IL 533),Saigaskin Jacket of Scouting
Phrygian Chest Gear Coffer (IL 533),Saigaskin Jacket of Aiming
Phrygian Chest Gear Coffer (IL 533),Snow Linen Jacket of Casting
Phrygian Chest Gear Coffer (IL 533),Snow Linen Jacket of Healing
Phrygian Hand Gear Coffer (IL 533),Saigaskin Armguards of Fending
Phrygian Hand Gear Coffer (IL 533),Saigaskin Armguards of Maiming
Phrygian Hand Gear Coffer (IL 533),Saigaskin Gloves of Striking
Phrygian Hand Gear Coffer (IL 533),Saigaskin Armguards of Scouting
Phrygian Hand Gear Coffer (IL 533),Saigaskin Gloves of Aiming
Phrygian Hand Gear Coffer (IL 533),Saigaskin Armguards of Casting
Phrygian Hand Gear Coffer (IL 533),Saigaskin Gloves of Healing
Phrygian Leg Gear Coffer (IL 533),Saigaskin Trousers of Fending
Phrygian Leg Gear Coffer (IL 533),Saigaskin Trousers of Maiming
Phrygian Leg Gear Coffer (IL 533),Snow Linen Bottoms of Striking
Phrygian Leg Gear Coffer (IL 533),Snow Linen Sarouel of Scouting
Phrygian Leg Gear Coffer (IL 533),Snow Linen Bottoms of Aiming
Phrygian Leg Gear Coffer (IL 533),Snow Linen Sarouel of Casting
Phrygian Leg Gear Coffer (IL 533),Snow Linen Bottoms of Healing
Phrygian Foot Gear Coffer (IL 533),Saigaskin Boots of Fending
Phrygian Foot Gear Coffer (IL 533),Saigaskin Boots of Maiming
Phrygian Foot Gear Coffer (IL 533),Saigaskin Shoes of Striking
Phrygian Foot Gear Coffer (IL 533),Saigaskin Shoes of Scouting
Phrygian Foot Gear Coffer (IL 533),Saigaskin Shoes of Aiming
Phrygian Foot Gear Coffer (IL 533),Saigaskin Shoes of Casting
Phrygian Foot Gear Coffer (IL 533),Saigaskin Shoes of Healing
Phrygian Earring Coffer (IL 533),Phrygian Ear Cuffs of Fending
Phrygian Earring Coffer (IL 533),Phrygian Ear Cuffs of Slaying
Phrygian Earring Coffer (IL 533),Phrygian Ear Cuffs of Aiming
Phrygian Earring Coffer (IL 533),Phrygian Ear Cuffs of Casting
Phrygian Earring Coffer (IL 533),Phrygian Ear Cuffs of Healing
Phrygian Necklace Coffer (IL 533),Phrygian Choker of Fending
Phrygian Necklace Coffer (IL 533),Phrygian Choker of Slaying
Phrygian Necklace Coffer (IL 533),Phrygian Choker of Aiming
Phrygian Necklace Coffer (IL 533),Phrygian Choker of Casting
Phrygian Necklace Coffer (IL 533),Phrygian Choker of Healing
Phrygian Bracelet Coffer (IL 533),Bismuth Bracelet of Fending
Phrygian Bracelet Coffer (IL 533),Bismuth Bracelet of Slaying
Phrygian Bracelet Coffer (IL 533),Bismuth Bracelet of Aiming
Phrygian Bracelet Coffer (IL 533),Bismuth Bracelet of Casting
Phrygian Bracelet Coffer (IL 533),Bismuth Bracelet of Healing
Phrygian Ring Coffer (IL 533),Bismuth Ring of Fending
Phrygian Ring Coffer (IL 533),Bismuth Ring of Slaying
Phrygian Ring Coffer (IL 533),Bismuth Ring of Aiming
Phrygian Ring Coffer (IL 533),Bismuth Ring of Casting
Phrygian Ring Coffer (IL 533),Bismuth Ring of Healing
